ProjectID,CompanyID,ProjectName,Region,Status,StartDate,EndDate,PlannedDuration,PlannedCost,ActualCost,Revenue,SquareMeters
1,2,Grow Next-Generation Niches,Ashgabat,Completed,2025-03-01,2025-08-29,192,92431.26,95181.46,111691.65,4220
2,1,Utilize Web-Enabled Initiatives,Ashgabat,Completed,2020-12-01,2021-09-28,350,122544.21,117539.22,297905.37,9004
3,5,Architect Strategic Synergies,Tashkent,Completed,2023-06-24,2023-09-29,94,82897.52,48289.85,74555.69,2155
4,4,Engage Seamless Solutions,Qashqadaryo,Completed,2022-06-11,2022-07-31,51,106769.88,164393.01,129992.56,1467
5,5,Enhance 24/7 Vortals,Samarkand,Completed,2024-01-29,2024-07-09,167,58791.29,44369.9,122992.32,3125
6,5,Mesh Integrated Web Services,Navoi,Completed,2022-11-27,2023-03-07,84,87878.2,96310.19,50603.05,1958
7,1,Grow Innovative E-Tailers,Surkhandarya,Ongoing,2025-01-02,,199,63460.53,45561.71,,5302
8,4,Extend Out-Of-The-Box Portals,Fergana,Planned,,,164,103625.0,,,3421
9,6,Incentivize E-Business Communities,Khorezm,Completed,2024-04-04,2024-11-14,197,68564.71,42853.75,67572.63,5526
10,2,Cultivate Mission-Critical E-Markets,Andijan,Ongoing,2025-04-09,,223,65604.73,71089.76,,6248
11,4,Morph Leading-Edge Infrastructures,Qashqadaryo,Completed,2025-03-02,2025-04-29,58,116958.88,164830.13,403418.52,1856
12,4,Facilitate Magnetic Paradigms,Samarkand,Ongoing,2023-12-09,,74,87368.05,81270.32,,1657
13,6,Brand Frictionless Experiences,Khorezm,Completed,2024-09-13,2024-11-30,90,138180.22,114763.87,193204.59,2618
14,5,Integrate Virtual Web-Readiness,Namangan,Completed,2021-12-08,2022-07-25,196,130182.58,174272.64,188047.48,6018
15,7,Generate Viral Relationships,Navoi,Completed,2023-08-22,2024-09-30,431,84794.66,91725.84,136807.51,8913
16,8,Utilize Bleeding-Edge Supply-Chains,Bukhara,Planned,,,105,127567.74,,,2418
17,3,Matrix Synergistic Relationships,Andijan,Ongoing,2023-12-29,,112,74145.49,91638.47,,3021
18,8,Incentivize Intuitive Solutions,Dushanbe,Completed,2021-02-05,2021-04-14,79,81890.56,112568.45,164228.66,1693
19,2,Empower Web-Enabled Architectures,Ashgabat,Completed,2024-03-18,2024-08-03,117,113519.05,100962.03,126099.94,2057
20,6,Facilitate Frictionless Portals,Fergana,Ongoing,2024-05-08,,102,57930.31,60900.88,,2265
21,5,Monetize Best-Of-Breed Systems,Dushanbe,Completed,2020-09-28,2021-01-02,113,84883.63,86009.1,109521.86,2530
22,4,Morph Efficient Paradigms,Namangan,Completed,2022-07-02,2022-11-16,155,70210.45,106803.27,18626.83,3955
23,1,Seize Intuitive Markets,Qashqadaryo,Completed,2021-09-09,2022-01-25,117,99883.83,96909.01,125321.56,2926
24,5,Incubate Out-Of-The-Box Methodologies,Surkhandarya,Completed,2024-08-20,2024-12-25,130,107621.73,118145.62,449062.97,3682
25,2,E-Enable Back-End E-Markets,Bukhara,Ongoing,2024-07-25,,228,73818.51,103050.93,,5046
26,3,Transform Wireless Architectures,Namangan,Ongoing,2024-02-08,,139,182016.34,146043.71,,4495
27,3,Unleash One-To-One Synergies,Karakalpakstan,Planned,,,61,160027.61,,,2005
28,4,Strategize Seamless Mindshare,Jizzakh,Completed,2023-11-12,2024-08-17,235,118284.55,86718.89,77139.18,5495
29,6,Morph Impactful Bandwidth,Almaty,Ongoing,2024-05-13,,483,85090.56,70507.9,,8822
30,1,Seize Rich Experiences,Ashgabat,Completed,2025-01-24,2025-08-24,227,63225.49,39057.86,111372.23,5268
31,4,Facilitate Next-Generation Convergence,Bukhara,Completed,2023-05-03,2023-09-18,158,123068.95,154646.29,239854.14,3576
32,2,Facilitate Dot-Com Supply-Chains,Dushanbe,Ongoing,2023-07-07,,140,107843.22,121136.85,,3552
33,4,Embrace Holistic Interfaces,Ashgabat,Ongoing,2024-03-16,,64,102204.97,76223.06,,1808
34,8,Leverage Extensible Solutions,Surkhandarya,Planned,,,72,118550.34,,,1295
35,4,Optimize Revolutionary Initiatives,Fergana,Ongoing,2024-02-11,,278,73329.84,92066.72,,6708
36,1,Orchestrate Front-End Action-Items,Fergana,Completed,2021-07-28,2022-10-26,456,60024.58,52129.29,83543.1,11246
37,2,Integrate Strategic Models,Surkhandarya,Ongoing,2023-08-30,,237,139353.94,165063.35,,3785
38,8,Benchmark Innovative Interfaces,Surkhandarya,Completed,2020-05-14,2020-08-13,102,208302.21,162211.65,479726.01,2477
39,2,Disintermediate Intuitive Bandwidth,Samarkand,Completed,2021-09-26,2021-12-15,71,120608.53,149792.33,168511.5,2549
40,4,Matrix Holistic Info-Mediaries,Andijan,Completed,2023-03-16,2023-05-21,78,56803.26,66131.95,27616.93,1648
41,3,E-Enable Open-Source Info-Mediaries,Sirdarya,Completed,2024-10-13,2025-04-09,155,109148.38,121969.23,58208.71,3365
42,5,Enable Dynamic Experiences,Nukus,Completed,2023-11-27,2024-08-18,226,115171.44,79088.13,73875.35,3829
43,8,Enhance Plug-And-Play Action-Items,Namangan,Ongoing,2025-01-28,,202,113537.0,133833.09,,4275
44,1,Synergize 24/7 Architectures,Qashqadaryo,Completed,2025-01-05,2030-12-22,2501,144230.41,201412.11,162011.9,44219
45,3,Redefine Holistic Action-Items,Samarkand,Completed,2020-06-19,2021-02-28,248,101888.74,85914.76,1220571.1,5071
46,4,Extend Out-Of-The-Box Networks,Sirdarya,Completed,2025-03-11,2025-04-03,26,84342.65,94806.17,82281.72,807
47,4,Engineer Robust Web-Readiness,Samarkand,Ongoing,2024-10-11,,262,153749.38,166378.01,,6389
48,5,Generate Viral Niches,Khorezm,Completed,2024-06-26,2024-08-24,56,103554.03,180513.65,273313.81,1788
49,5,Deploy Ubiquitous Paradigms,Almaty,Completed,2021-01-11,2021-02-11,33,102580.42,88449.33,138018.02,722
50,2,Grow Rich Architectures,Tashkent,Ongoing,2024-09-25,,187,126159.83,117488.07,,4245
51,2,Transition Transparent Functionalities,Bukhara,Planned,,,84,129139.58,,,1887
52,2,Deploy Scalable Architectures,Surkhandarya,Completed,2022-01-15,2022-12-18,377,108878.19,173704.84,41379.96,7234
53,1,Strategize Revolutionary Partnerships,Ashgabat,Completed,2020-10-25,2021-02-03,89,89472.11,148667.01,7219.5,2124
54,3,Redefine Sticky Solutions,Karakalpakstan,Ongoing,2024-07-18,,56,46961.22,34044.62,,1455
55,4,Deliver 24/7 Applications,Qashqadaryo,Completed,2022-10-21,2023-02-06,104,100788.8,146037.84,151750.39,2191
56,1,Orchestrate Customized Info-Mediaries,Bukhara,Completed,2022-12-08,2023-01-30,57,111757.6,125273.63,117866.19,1500
57,1,Matrix Impactful Vortals,Tashkent,Ongoing,2024-10-18,,124,118749.12,188010.54,,3227
58,8,Incubate Granular Communities,Ashgabat,Completed,2023-05-11,2023-06-30,42,110979.36,118464.99,213201.33,760
59,3,Embrace Visionary E-Tailers,Ashgabat,Completed,2021-09-04,2021-10-26,59,126875.4,121881.72,111361.0,1928
60,1,Productize Killer Networks,Jizzakh,Completed,2021-04-30,2021-12-24,229,129389.76,198712.27,401177.97,5403
61,1,Evolve Innovative Roi,Navoi,Planned,,,187,114855.59,,,4632
62,7,Aggregate Extensible Markets,Namangan,Completed,2022-06-06,2022-09-11,110,51057.71,37467.63,124629.36,1813
63,3,Enable Cross-Media Web-Readiness,Nukus,Completed,2023-08-17,2023-11-26,112,153431.01,148543.41,741134.37,2588
64,6,Redefine Ubiquitous Communities,Nukus,Ongoing,2025-03-08,,145,89418.0,112979.08,,3025
65,4,Benchmark Leading-Edge Users,Karakalpakstan,Ongoing,2024-12-19,,176,92676.55,78352.91,,3740
66,7,Utilize Wireless Architectures,Samarkand,Ongoing,2023-10-16,,574,139177.1,104499.02,,12896
67,5,Syndicate Wireless Web-Readiness,Surkhandarya,Completed,2022-10-20,2023-03-24,137,117548.34,131976.38,95335.68,4614
68,7,Implement Revolutionary Content,Qashqadaryo,Ongoing,2024-09-26,,263,92166.17,106289.06,,5899
69,7,Orchestrate Web-Enabled Eyeballs,Ashgabat,Completed,2022-03-26,2022-07-16,100,83810.86,97316.71,81828.71,2009
70,5,Utilize 24/365 Networks,Samarkand,Completed,2024-09-18,2025-02-11,127,137182.02,131253.76,107201.35,3507
71,2,Optimize Next-Generation Models,Sirdarya,Completed,2020-09-30,2021-03-13,149,46156.69,72512.61,67689.25,2567
72,4,Deploy World-Class Web Services,Navoi,Completed,2020-07-12,2020-08-16,41,76965.9,83549.67,153516.67,1478
73,6,Re-Intermediate Web-Enabled Deliverables,Qashqadaryo,Planned,,,83,112808.29,,,1671
74,7,Brand Cross-Media Portals,Qashqadaryo,Completed,2022-11-09,2023-03-20,113,86383.91,106883.07,157666.91,3172
75,7,Cultivate Integrated Solutions,Andijan,Completed,2022-07-28,2022-10-29,105,112152.74,125196.68,617630.84,3007
76,7,Harness Holistic Channels,Qashqadaryo,Completed,2020-10-26,2021-06-26,234,138998.33,228628.11,4787780.27,5834
77,3,Brand Out-Of-The-Box E-Markets,Bukhara,Completed,2020-07-28,2020-09-26,65,91845.28,63693.1,69192.05,1693
78,6,Disintermediate Granular Users,Bukhara,Ongoing,2023-08-08,,193,48559.45,55387.84,,3312
79,5,Reinvent Plug-And-Play Initiatives,Surkhandarya,Ongoing,2025-04-10,,73,112781.85,81196.36,,1589
80,2,Revolutionize User-Centric Users,Almaty,Completed,2024-06-21,2025-08-29,502,94396.02,95843.45,30134.72,10743
81,8,Architect Best-Of-Breed E-Commerce,Sirdarya,Completed,2020-08-18,2021-09-11,424,105492.26,124862.42,37474.2,7690
82,1,Integrate 24/7 Models,Fergana,Ongoing,2024-01-18,,72,104957.76,118139.1,,1959
83,8,Revolutionize Cross-Platform Info-Mediaries,Samarkand,Completed,2022-09-04,2023-01-30,131,98134.72,94698.08,256442.94,2992
84,2,Incubate Killer Info-Mediaries,Almaty,Planned,,,73,92307.14,,,1412
85,6,Harness Magnetic Applications,Almaty,Completed,2020-08-23,2021-05-21,262,65746.74,78875.98,50007.46,4906
86,7,Syndicate Integrated Schemas,Ashgabat,Ongoing,2024-03-16,,367,100307.92,157000.65,,8829
87,4,Repurpose Ubiquitous Markets,Karakalpakstan,Completed,2022-02-23,2023-10-29,533,68285.71,69601.69,182096.88,10186
88,2,Incentivize Impactful Methodologies,Jizzakh,Completed,2023-12-27,2024-12-17,333,83801.06,83575.42,324092.09,7770
89,3,Disintermediate Best-Of-Breed Experiences,Surkhandarya,Completed,2022-06-09,2022-07-24,39,126915.4,134387.75,731898.67,870
90,6,Deliver Interactive Content,Ashgabat,Completed,2024-08-19,2024-12-20,134,130508.32,156506.9,42030.38,3140
91,1,Synthesize Back-End Eyeballs,Sirdarya,Completed,2024-01-01,2024-05-19,122,96474.06,117788.63,44489.43,2867
92,5,Facilitate Value-Added Paradigms,Sirdarya,Planned,,,161,66310.78,,,4764
93,7,Matrix Transparent Web Services,Ashgabat,Planned,,,190,175674.04,,,4194
94,4,Benchmark Revolutionary E-Tailers,Karakalpakstan,Completed,2022-10-15,2023-01-05,78,73463.96,68489.89,99530.85,2384
95,7,Orchestrate Next-Generation Vortals,Andijan,Completed,2024-09-12,2024-11-03,54,98464.64,40878.51,78252.79,1444
96,1,Mesh Plug-And-Play Communities,Sirdarya,Planned,,,156,125625.87,,,3463
97,2,Embrace Collaborative Roi,Nukus,Ongoing,2024-10-18,,67,80629.9,59906.93,,1931
98,4,Implement Revolutionary Supply-Chains,Almaty,Completed,2021-05-24,2021-07-06,50,145696.55,185466.91,287623.17,1032
99,7,Scale Granular Paradigms,Karakalpakstan,Ongoing,2024-03-31,,949,135820.99,88064.76,,25725
100,5,Seize Web-Enabled Bandwidth,Bukhara,Ongoing,2023-08-27,,118,90971.22,94432.88,,3437
101,1,Re-Intermediate Out-Of-The-Box Platforms,Navoi,Ongoing,2023-11-10,,66,66788.42,98298.22,,1896
102,4,Benchmark Rich Technologies,Khorezm,Completed,2023-02-17,2024-02-14,306,71960.29,79085.17,1089827.98,5526
103,2,Seize Cross-Platform Architectures,Khorezm,Completed,2023-09-12,2024-02-06,158,85096.14,76542.23,292171.65,4347
104,2,Empower Transparent Functionalities,Andijan,Completed,2020-10-26,2022-01-17,458,97530.17,111009.78,81010.88,11346
105,7,Productize Compelling Communities,Sirdarya,Completed,2024-05-01,2024-06-24,64,73125.69,68478.5,113960.19,2120
106,4,Matrix Magnetic E-Markets,Fergana,Completed,2025-01-23,2025-03-25,58,109314.87,117461.82,97041.45,1666
107,1,Disintermediate E-Business E-Services,Navoi,Completed,2020-07-25,2021-01-22,167,114040.66,132543.88,37867.39,5058
108,2,Revolutionize 24/365 Partnerships,Dushanbe,Ongoing,2024-07-27,,210,80154.86,64082.87,,4361
109,7,Reinvent Cross-Platform Vortals,Navoi,Completed,2021-07-27,2021-08-26,31,98169.41,126793.42,32829.47,954
110,3,Exploit Seamless Deliverables,Nukus,Ongoing,2023-07-24,,118,63691.61,53175.91,,2846
111,8,Whiteboard Viral Web Services,Almaty,Completed,2022-05-13,2022-08-14,87,79132.6,105094.05,190175.76,2277
112,5,Enhance Killer E-Commerce,Qashqadaryo,Ongoing,2023-08-30,,355,51412.6,40710.69,,8177
113,2,Drive Cutting-Edge Eyeballs,Karakalpakstan,Ongoing,2024-09-05,,178,79077.75,84743.47,,3865
114,7,Transform Scalable Functionalities,Qashqadaryo,Completed,2023-03-14,2023-06-26,103,92988.03,105459.48,89445.11,2673
115,3,Exploit End-To-End Mindshare,Bishkek,Ongoing,2024-11-08,,96,114567.95,149938.54,,2202
116,6,Maximize B2B Deliverables,Karakalpakstan,Ongoing,2023-11-07,,251,86880.36,46956.13,,5485
117,5,Innovate Frictionless Solutions,Ashgabat,Ongoing,2025-03-12,,53,133186.71,111758.8,,1472
118,2,Seize Virtual Portals,Surkhandarya,Planned,,,188,90013.32,,,3748
119,8,Incentivize Open-Source Communities,Almaty,Completed,2020-06-12,2020-10-13,111,122669.18,80523.01,512279.19,3515
120,5,Aggregate Scalable Initiatives,Navoi,Completed,2023-05-10,2023-09-29,154,84321.19,97353.86,157280.64,3778
121,6,Re-Contextualize Bleeding-Edge Architectures,Navoi,Completed,2023-02-06,2023-04-27,81,72578.27,81394.34,70440.89,2161
122,4,Harness Transparent Deliverables,Qashqadaryo,Completed,2021-09-26,2022-02-15,152,107416.17,109461.11,66408.39,4168
123,4,Innovate One-To-One Mindshare,Bishkek,Completed,2022-11-10,2023-02-24,95,108878.33,148170.54,550212.79,2184
124,2,Scale Compelling Portals,Khorezm,Completed,2023-03-21,2023-09-20,164,167547.33,94896.11,960741.86,3981
125,3,Mesh Dot-Com Roi,Karakalpakstan,Completed,2022-02-09,2022-07-31,181,94948.75,174109.95,159116.45,4713
126,8,Exploit User-Centric Vortals,Fergana,Completed,2022-02-27,2022-08-23,186,121033.0,104434.25,275995.55,3218
127,3,Visualize Dot-Com Mindshare,Samarkand,Completed,2024-05-01,2025-06-10,400,144821.44,116308.79,192923.42,11130
128,2,Utilize Virtual Markets,Bukhara,Ongoing,2023-10-02,,154,134833.37,136248.85,,3100
129,3,Target B2B Convergence,Jizzakh,Completed,2022-04-13,2022-08-13,114,125658.91,50738.4,58709.78,2211
130,4,Brand Holistic Applications,Dushanbe,Completed,2023-07-16,2023-09-26,69,57067.21,58310.1,68242.05,1204
131,5,Maximize Open-Source Functionalities,Nukus,Planned,,,111,123896.78,,,2463
132,4,Brand Granular Systems,Khorezm,Completed,2022-04-13,2022-08-28,129,68364.44,85797.43,80066.14,2670
133,3,Extend Cross-Media E-Commerce,Tashkent,Completed,2020-10-19,2020-12-05,51,96688.4,110947.7,146061.8,1374
134,8,Drive Interactive Functionalities,Jizzakh,Ongoing,2024-10-26,,111,93139.8,101406.81,,2931
135,2,Target Plug-And-Play Models,Surkhandarya,Completed,2024-07-13,2024-12-10,159,80736.16,82634.01,466277.17,2913
136,4,Cultivate Innovative Portals,Nukus,Ongoing,2024-02-05,,16,134729.19,129923.14,,466
137,3,Iterate Wireless Models,Bukhara,Completed,2024-01-13,2024-05-16,138,92081.25,115868.55,50559.61,2298
138,5,Implement Visionary Eyeballs,Almaty,Ongoing,2024-11-12,,401,112554.48,96440.42,,10164
139,7,Repurpose Killer Bandwidth,Karakalpakstan,Ongoing,2024-01-08,,188,65640.76,60315.32,,4940
140,6,Evolve B2B E-Commerce,Karakalpakstan,Completed,2022-10-29,2023-04-17,194,86168.32,88859.8,872662.93,4199
141,1,Utilize Innovative Technologies,Karakalpakstan,Completed,2022-12-08,2023-09-07,252,157422.27,125603.01,400503.68,4068
142,3,Deploy Granular Platforms,Bishkek,Ongoing,2025-03-07,,75,53490.4,79763.37,,2400
143,7,Redefine Clicks-And-Mortar Vortals,Bishkek,Completed,2020-06-29,2020-09-09,77,133087.27,84245.74,342548.77,2067
144,2,Strategize End-To-End Markets,Andijan,Completed,2020-12-21,2021-02-03,45,162133.47,188610.72,221711.74,1216
145,5,Whiteboard Front-End E-Markets,Sirdarya,Ongoing,2024-09-07,,111,109614.92,118225.93,,2036
146,6,Embrace 24/7 Supply-Chains,Fergana,Completed,2023-10-21,2024-02-20,121,180351.88,234759.93,313778.94,3312
147,8,Grow Plug-And-Play Paradigms,Nukus,Completed,2024-07-07,2024-11-05,118,61886.07,69946.44,110118.37,2621
148,8,Deploy World-Class Functionalities,Samarkand,Completed,2022-09-17,2022-11-29,69,173391.23,228057.58,325700.17,1503
149,8,Generate Synergistic Relationships,Fergana,Completed,2024-01-16,2025-01-07,304,68696.53,86082.86,19548.76,5931
150,5,Iterate Efficient Functionalities,Ashgabat,Completed,2021-07-28,2021-10-09,65,86245.19,100007.12,74204.76,1217
151,2,Innovate Impactful Schemas,Almaty,Completed,2021-04-15,2021-06-03,53,144654.27,120767.03,91825.27,1114
152,5,Drive Revolutionary Info-Mediaries,Dushanbe,Completed,2022-07-07,2024-05-08,743,99660.7,114979.65,88561.51,18820
153,8,Exploit Frictionless Applications,Ashgabat,Completed,2024-03-30,2024-08-07,128,53077.01,74102.76,76727.04,3247
154,3,Transition Integrated Markets,Bukhara,Completed,2022-01-26,2023-09-16,565,55868.21,54744.45,147254.52,10297
155,7,Redefine Customized Portals,Qashqadaryo,Ongoing,2025-02-06,,245,51563.29,68890.3,,5889
156,5,Grow One-To-One Paradigms,Bishkek,Completed,2020-09-15,2020-12-21,86,117276.74,142380.92,303100.25,2830
157,7,Syndicate Interactive E-Business,Almaty,Completed,2024-09-22,2025-03-25,181,134313.52,144917.61,44939.27,4411
158,4,Incubate Proactive Channels,Sirdarya,Ongoing,2025-02-09,,123,103268.79,80522.38,,4027
159,1,Envisioneer One-To-One Supply-Chains,Qashqadaryo,Ongoing,2023-11-14,,364,136191.65,140263.24,,6230
160,7,Facilitate Compelling Supply-Chains,Sirdarya,Ongoing,2023-11-25,,171,81493.49,76716.01,,5749
161,3,Maximize Mission-Critical E-Markets,Bishkek,Ongoing,2025-01-25,,67,67742.12,92771.59,,2401
162,2,Repurpose Cross-Media Eyeballs,Almaty,Completed,2023-05-08,2023-08-30,96,83629.29,117879.95,32765.94,2615
163,1,Repurpose Intuitive Interfaces,Namangan,Planned,,,158,127048.43,,,3594
164,3,Utilize Cross-Platform Eyeballs,Bukhara,Ongoing,2025-01-24,,172,133722.05,123114.93,,3158
165,6,Matrix Virtual Interfaces,Sirdarya,Planned,,,344,128178.25,,,7995
166,7,Re-Intermediate Proactive Technologies,Qashqadaryo,Ongoing,2024-05-15,,171,53238.47,32494.11,,3713
167,8,Incubate Web-Enabled E-Markets,Ashgabat,Ongoing,2024-07-11,,84,88167.64,70442.84,,2221
168,4,Incentivize Front-End Supply-Chains,Bukhara,Completed,2023-12-13,2024-02-25,70,48148.58,35523.12,174196.12,1742
169,8,Embrace Strategic Eyeballs,Andijan,Completed,2020-12-22,2021-05-19,139,187729.43,169112.48,325319.8,2566
170,1,Target Best-Of-Breed Markets,Qashqadaryo,Planned,,,177,55609.57,,,4208
171,7,Monetize Out-Of-The-Box Systems,Andijan,Completed,2023-01-23,2023-05-04,103,114982.58,104995.06,615992.3,3139
172,4,Incubate Killer Initiatives,Bishkek,Completed,2020-07-27,2020-11-28,108,107748.62,106351.57,192950.11,1999
173,5,Unleash Ubiquitous E-Tailers,Tashkent,Completed,2021-04-13,2021-05-22,39,72828.57,83709.84,62589.56,1032
174,2,Visualize Real-Time E-Business,Almaty,Completed,2024-12-08,2025-03-14,101,114568.5,163269.61,145754.02,2272
175,5,Empower Innovative Markets,Nukus,Planned,,,58,126842.25,,,1705
176,8,Benchmark Magnetic Deliverables,Fergana,Completed,2023-04-02,2023-05-17,48,119916.59,93745.03,176269.81,1532
177,5,Integrate Turn-Key Methodologies,Tashkent,Completed,2021-11-24,2022-10-31,325,139205.05,167455.39,383619.19,6849
178,5,Streamline Out-Of-The-Box Paradigms,Tashkent,Ongoing,2024-08-18,,345,104322.96,117508.19,,10858
179,1,Maximize Collaborative Web-Readiness,Bishkek,Ongoing,2024-04-26,,244,113311.76,158131.06,,5294
180,4,Iterate Clicks-And-Mortar Web-Readiness,Navoi,Planned,,,147,85603.93,,,4694
181,3,Disintermediate Dot-Com Web Services,Fergana,Completed,2020-05-09,2020-07-09,66,110262.5,134533.88,195361.77,1663
182,6,Drive 24/365 Initiatives,Namangan,Completed,2021-04-28,2021-08-21,121,122030.33,84801.99,138002.14,3079
183,3,Orchestrate Visionary Solutions,Ashgabat,Completed,2023-12-12,2024-07-23,202,114377.91,127461.17,294893.66,3475
184,3,Streamline Compelling Supply-Chains,Karakalpakstan,Completed,2024-08-13,2024-11-24,101,102227.97,124979.18,400804.55,3397
185,5,Streamline Clicks-And-Mortar Channels,Qashqadaryo,Planned,,,41,50606.27,,,1453
186,4,Brand Mission-Critical Solutions,Sirdarya,Completed,2022-09-01,2023-01-29,172,108535.45,102268.44,662518.49,5858
187,6,Architect Leading-Edge Mindshare,Bukhara,Ongoing,2024-10-10,,112,84571.08,62796.79,,2847
188,5,Brand Customized Action-Items,Sirdarya,Completed,2020-04-23,2020-08-21,116,68264.76,89597.97,279516.56,2632
189,2,Grow Ubiquitous Infrastructures,Surkhandarya,Planned,,,251,118324.19,,,7461
190,4,Streamline World-Class Infrastructures,Bukhara,Completed,2022-09-19,2023-02-18,129,56570.67,50485.23,189348.71,2781
191,2,Synergize Web-Enabled E-Tailers,Namangan,Completed,2021-10-13,2022-01-19,90,62742.37,96192.17,147523.67,2580
192,4,Implement Compelling Portals,Ashgabat,Completed,2022-09-03,2023-02-03,128,107718.76,133250.9,243096.84,2921
193,7,Mesh Granular Metrics,Namangan,Completed,2022-03-11,2022-11-30,244,102906.4,135085.35,60713.99,4561
194,8,Whiteboard Magnetic Initiatives,Nukus,Ongoing,2023-07-26,,86,77124.93,115705.53,,2879
195,8,Engage Viral Eyeballs,Surkhandarya,Completed,2022-10-01,2022-12-13,67,96223.08,87526.29,351723.82,1775
196,6,Drive Impactful Interfaces,Samarkand,Completed,2022-01-23,2022-04-11,72,95879.44,176579.62,91543.29,2456
197,8,Engage B2C Infrastructures,Bukhara,Completed,2023-12-24,2024-10-07,323,66495.29,72662.52,59336.63,6103
198,4,Syndicate Real-Time Systems,Namangan,Completed,2022-03-02,2022-07-12,125,84662.21,154136.69,552824.49,2479
199,4,Enhance Viral Methodologies,Surkhandarya,Completed,2022-07-18,2022-12-06,124,163313.94,136710.82,252035.15,4305
200,3,Cultivate Efficient Deliverables,Namangan,Completed,2022-11-26,2023-03-09,89,94013.17,108925.83,250403.92,2469
201,2,Revolutionize Interactive Interfaces,Tashkent,Ongoing,2024-09-19,,213,117370.05,131322.72,,5956
202,1,Unleash Interactive Platforms,Andijan,Completed,2022-09-28,2023-01-12,95,98532.53,89262.49,209416.18,1704
203,2,Iterate 24/7 Deliverables,Bishkek,Completed,2024-11-02,2025-07-22,263,133108.18,125045.74,220135.27,4803
204,4,Maximize Ubiquitous Content,Samarkand,Completed,2022-10-24,2023-09-01,295,176609.51,157755.32,188929.08,5797
205,5,Innovate Killer Architectures,Almaty,Planned,,,105,77794.81,,,3440
206,7,Streamline Ubiquitous Technologies,Fergana,Completed,2020-05-30,2020-08-25,73,113850.5,105640.74,2448903.13,2124
207,2,Deliver Visionary E-Tailers,Bukhara,Planned,,,133,97853.06,,,2786
208,6,Transform Integrated E-Business,Sirdarya,Completed,2021-07-09,2021-12-01,163,88883.28,53278.84,307020.72,3242
209,2,Benchmark Virtual Synergies,Fergana,Completed,2021-12-03,2022-06-11,189,63345.01,41851.26,23172.59,5493
210,4,Visualize Bleeding-Edge Portals,Nukus,Ongoing,2025-02-11,,508,134232.24,139651.58,,12103
211,7,Seize Collaborative E-Tailers,Fergana,Completed,2023-02-22,2023-04-04,43,79929.73,100700.11,38579.48,950
212,8,Monetize Cross-Platform Experiences,Bukhara,Completed,2023-04-25,2024-01-26,294,122893.48,147120.71,141030.61,7815
213,6,Utilize Clicks-And-Mortar Metrics,Namangan,Completed,2023-12-08,2024-02-03,57,95107.42,40865.0,175332.97,939
214,2,Aggregate Sticky Eyeballs,Nukus,Completed,2023-09-29,2023-11-22,52,106935.28,143527.24,51989.11,1328
215,7,Enhance Plug-And-Play Partnerships,Samarkand,Ongoing,2024-08-06,,239,76280.56,50423.38,,6473
216,4,Visualize Efficient Communities,Namangan,Completed,2021-07-21,2021-09-26,69,99074.88,70848.68,117044.07,2463
217,6,Facilitate Efficient Partnerships,Fergana,Completed,2023-01-22,2023-08-31,249,151237.44,204936.79,483582.61,7070
218,1,Mesh Robust Systems,Karakalpakstan,Completed,2022-04-09,2023-02-07,269,109034.41,134004.65,123802.3,7015
219,6,Extend 24/365 Applications,Tashkent,Completed,2021-05-04,2021-11-04,165,94457.54,102848.52,125251.79,3889
220,1,Mesh Integrated Bandwidth,Bukhara,Completed,2020-06-27,2020-09-28,87,99132.2,49619.61,167647.35,1445
221,6,Benchmark User-Centric Supply-Chains,Jizzakh,Completed,2023-10-12,2024-04-18,190,131134.56,30308.26,89318.05,4092
222,2,Utilize Frictionless Roi,Samarkand,Ongoing,2024-11-13,,118,135377.15,106951.13,,3954
223,1,Exploit Integrated E-Markets,Bukhara,Ongoing,2023-08-31,,175,77813.77,92349.69,,3618
224,8,Redefine B2B Models,Almaty,Ongoing,2024-09-26,,87,101419.21,115743.68,,1569
225,2,Benchmark Integrated Schemas,Jizzakh,Completed,2022-02-21,2022-11-24,269,106549.89,123520.07,238154.33,5849
226,4,Engage Interactive E-Markets,Sirdarya,Completed,2023-01-05,2023-03-08,60,118973.12,103329.52,231797.25,1403
227,3,Evolve Front-End Roi,Karakalpakstan,Completed,2022-05-25,2023-01-08,248,89030.26,113007.97,182905.91,6025
228,3,Synthesize Impactful Technologies,Sirdarya,Completed,2023-11-13,2023-12-30,46,70445.21,92736.88,186176.0,917
229,6,Disintermediate Killer Networks,Bukhara,Completed,2022-04-23,2023-01-10,251,88765.05,63608.43,30163.31,7353
230,7,Re-Contextualize Collaborative Mindshare,Tashkent,Ongoing,2024-04-16,,70,153418.41,111491.26,,1604
231,7,Cultivate Bleeding-Edge Applications,Nukus,Completed,2021-05-23,2021-07-25,66,157233.76,220590.34,30986.37,1957
232,8,Transform Interactive Relationships,Navoi,Completed,2024-12-01,2025-04-01,102,37920.44,67774.55,19973.78,1848
233,4,Enable Killer E-Commerce,Nukus,Ongoing,2023-12-29,,49,132072.55,219232.26,,1019
234,6,Seize Bleeding-Edge Relationships,Surkhandarya,Completed,2022-02-11,2022-09-17,221,115685.3,118484.22,245611.16,4798
235,4,Redefine Cross-Media Info-Mediaries,Navoi,Completed,2022-08-08,2022-11-13,95,114902.2,96383.21,70685.2,2612
236,3,Productize Out-Of-The-Box Technologies,Surkhandarya,Planned,,,274,78712.23,,,5882
237,2,Unleash Out-Of-The-Box Web-Readiness,Andijan,Completed,2022-05-22,2023-05-10,388,122750.03,130080.61,158673.48,8606
238,8,Benchmark Best-Of-Breed Initiatives,Qashqadaryo,Completed,2024-06-15,2024-08-09,55,114831.18,131842.6,73696.68,1513
239,8,Reinvent Cutting-Edge Markets,Jizzakh,Completed,2024-05-11,2025-02-10,305,94349.11,117142.76,159540.16,7928
240,8,Generate Real-Time Platforms,Almaty,Completed,2024-01-08,2024-11-13,319,109103.02,136366.9,50681.16,6935
241,2,Target Next-Generation Interfaces,Dushanbe,Completed,2022-10-06,2023-11-12,423,87609.75,116008.41,69556.81,6665
242,1,Transition Open-Source Vortals,Almaty,Completed,2024-05-07,2025-01-29,226,80267.66,94061.11,59237.27,5229
243,3,Re-Intermediate Cross-Media Channels,Samarkand,Completed,2024-08-16,2025-09-16,433,63062.66,62669.64,141501.86,14128
244,6,Optimize Holistic Interfaces,Bukhara,Ongoing,2025-01-27,,315,156434.49,221335.0,,7025
245,8,Incentivize Viral Partnerships,Dushanbe,Completed,2024-02-27,2024-04-03,39,73770.55,117423.17,264993.46,916
246,7,Incubate Revolutionary Synergies,Qashqadaryo,Completed,2022-09-27,2023-08-30,344,115458.15,183407.46,63956.73,6456
247,6,Engage Interactive Networks,Fergana,Completed,2021-08-09,2021-10-19,67,97730.24,84928.36,83310.5,1812
248,3,Transition Leading-Edge Systems,Qashqadaryo,Completed,2020-12-10,2021-06-23,208,107323.41,144892.9,55729.18,4871
249,6,Monetize Intuitive Channels,Jizzakh,Ongoing,2023-05-27,,70,158551.43,183088.02,,1257
250,7,Engage Open-Source Infrastructures,Namangan,Ongoing,2024-08-30,,142,77004.78,61783.01,,3189
251,5,Re-Contextualize B2C Supply-Chains,Ashgabat,Planned,,,195,93249.58,,,4631
252,3,Optimize User-Centric Channels,Dushanbe,Ongoing,2024-09-29,,66,134721.56,161973.65,,1583
253,6,Seize Synergistic Niches,Tashkent,Ongoing,2024-11-26,,86,59185.06,63224.39,,2051
254,8,Brand Distributed Deliverables,Khorezm,Completed,2023-12-31,2024-09-10,275,188194.74,229220.32,174644.92,5146
255,2,Extend Synergistic Convergence,Dushanbe,Completed,2024-02-27,2024-09-03,216,120396.35,166991.03,68528.81,3840
256,1,Monetize Seamless Interfaces,Qashqadaryo,Ongoing,2024-06-05,,57,50078.06,58941.77,,1599
257,3,Synthesize Enterprise Web-Readiness,Andijan,Completed,2024-05-18,2025-11-05,507,65583.1,77085.83,97702.05,13481
258,8,Incubate Efficient Portals,Jizzakh,Completed,2022-01-13,2022-04-29,109,111821.62,108290.72,476552.26,2277
259,4,Iterate Intuitive Niches,Ashgabat,Ongoing,2024-09-17,,156,116532.86,87751.78,,4438
260,8,Productize E-Business Functionalities,Khorezm,Planned,,,122,97545.5,,,2328
261,8,Iterate Real-Time Action-Items,Almaty,Planned,,,156,95890.63,,,2962
262,7,Re-Contextualize Ubiquitous Synergies,Andijan,Ongoing,2023-04-27,,232,96988.9,70029.96,,5284
263,3,Mesh World-Class Web Services,Karakalpakstan,Ongoing,2024-10-18,,68,68980.28,81185.61,,2298
264,2,Utilize Scalable Content,Jizzakh,Completed,2025-02-14,2025-07-16,156,98685.15,50068.9,189977.18,3096
265,7,Morph Back-End Functionalities,Bukhara,Completed,2024-06-07,2024-08-21,75,152497.58,223504.81,122406.64,1711
266,1,Redefine Cross-Media Portals,Nukus,Completed,2022-05-18,2022-09-26,130,101362.99,101248.88,91051.38,2853
267,6,Iterate E-Business Supply-Chains,Surkhandarya,Completed,2022-06-09,2022-09-04,94,78821.92,79551.74,119260.38,2236
268,6,Integrate Leading-Edge Markets,Namangan,Planned,,,118,110897.95,,,1790
269,3,Empower B2C Platforms,Bishkek,Completed,2024-07-14,2025-09-04,366,37019.38,51097.7,49194.65,6860
270,3,Expedite Ubiquitous Networks,Ashgabat,Completed,2022-05-05,2022-11-14,220,64659.41,36170.85,212706.4,5958
271,4,Morph Global Channels,Jizzakh,Completed,2022-07-17,2022-12-02,139,79827.29,25759.25,258955.34,5082
272,2,Unleash Turn-Key Infrastructures,Fergana,Completed,2023-05-12,2023-07-26,70,57590.71,66517.73,35116.31,1707
273,4,Redefine Intuitive Eyeballs,Namangan,Completed,2023-08-11,2023-12-06,113,138846.28,146127.54,70782.62,2917
274,3,Matrix Bricks-And-Clicks Synergies,Bukhara,Completed,2021-09-27,2022-01-24,123,91388.64,147456.72,62040.22,2898
275,1,Whiteboard Dot-Com Markets,Sirdarya,Completed,2022-03-10,2022-04-13,29,77320.86,109174.84,27350.67,606
276,1,Synthesize User-Centric E-Markets,Navoi,Completed,2021-03-24,2021-06-28,98,180449.38,165704.05,345274.45,2242
277,6,Evolve Intuitive Platforms,Namangan,Completed,2022-12-24,2023-08-15,212,97665.13,85356.85,157799.72,5217
278,8,Streamline Robust Markets,Bishkek,Completed,2021-10-19,2023-07-28,571,85747.42,99072.92,62125.87,9952
279,2,Aggregate Mission-Critical Eyeballs,Almaty,Ongoing,2023-05-20,,270,138998.42,123121.52,,7400
280,6,Harness Bricks-And-Clicks E-Markets,Jizzakh,Completed,2023-12-03,2024-03-14,91,83733.14,72469.88,275687.55,2173
281,8,Enable Innovative Technologies,Karakalpakstan,Planned,,,183,143431.22,,,4560
282,1,Strategize E-Business Partnerships,Qashqadaryo,Completed,2025-03-10,2025-10-03,218,70649.39,65350.16,109121.53,3629
283,7,Brand Wireless Users,Sirdarya,Ongoing,2025-03-06,,440,164093.44,137274.97,,8258
284,7,Re-Contextualize Compelling Platforms,Qashqadaryo,Ongoing,2023-07-01,,137,67685.12,37796.11,,3833
285,5,Maximize Real-Time Paradigms,Bukhara,Completed,2020-05-15,2020-10-05,140,101331.93,117863.34,130359.34,4472
286,5,Engage Value-Added Solutions,Qashqadaryo,Completed,2022-03-03,2022-04-28,53,127922.22,172857.31,91756.8,1166
287,7,Matrix Leading-Edge Niches,Andijan,Completed,2024-11-17,2025-12-01,398,92377.6,72826.75,216695.88,6972
288,6,Deploy Robust Technologies,Nukus,Completed,2022-04-20,2022-09-25,183,97612.16,104609.83,134787.32,3746
289,1,Cultivate Cross-Platform Eyeballs,Bukhara,Planned,,,212,115770.9,,,5265
290,3,Transform Killer Portals,Tashkent,Completed,2020-10-31,2021-04-27,173,120955.25,64136.17,193641.23,4214
291,6,Orchestrate Open-Source Interfaces,Navoi,Completed,2024-05-29,2026-05-09,632,117378.51,107200.21,718413.44,10593
292,6,Evolve Killer Web-Readiness,Navoi,Completed,2022-03-05,2022-06-17,98,96057.83,142779.85,97946.33,2502
293,6,Benchmark 24/7 Infrastructures,Karakalpakstan,Completed,2020-12-20,2021-05-27,176,59333.95,56106.63,32589.19,3578
294,7,Leverage Ubiquitous Systems,Ashgabat,Completed,2024-07-23,2024-12-12,129,149320.27,99304.4,82303.7,3621
295,8,Embrace Innovative E-Commerce,Khorezm,Ongoing,2024-08-24,,131,73338.59,62022.71,,2169
296,2,Grow Holistic Infrastructures,Namangan,Completed,2021-10-02,2021-11-02,27,103822.03,143251.27,703214.01,688
297,2,Synergize Holistic Supply-Chains,Qashqadaryo,Completed,2020-09-22,2020-11-18,49,56567.81,83651.08,99329.73,1762
298,5,Generate Impactful Info-Mediaries,Jizzakh,Ongoing,2024-01-07,,66,80163.35,87870.08,,1661
299,3,Brand Collaborative Roi,Navoi,Ongoing,2023-12-08,,435,167988.2,150148.29,,10970
300,8,Transition User-Centric E-Tailers,Tashkent,Completed,2022-12-04,2023-08-04,265,73394.08,80659.19,298913.77,5321
301,3,Disintermediate B2B Applications,Bukhara,Completed,2021-03-01,2021-06-05,95,99441.48,153463.96,100579.97,1892
302,7,Extend Dot-Com Bandwidth,Nukus,Completed,2021-08-19,2021-11-15,80,94118.74,100093.0,166570.76,1603
303,8,Grow Clicks-And-Mortar Interfaces,Almaty,Completed,2020-07-15,2021-01-25,163,139816.75,178214.53,585813.24,4464
304,3,Implement Revolutionary Systems,Namangan,Completed,2023-12-08,2024-03-21,90,167897.07,262418.6,70358.88,2409
305,1,Scale Sticky Partnerships,Fergana,Planned,,,43,101113.49,,,1310
306,4,Engineer End-To-End Networks,Navoi,Completed,2021-10-19,2021-11-28,45,82888.91,51522.84,88726.1,864
307,4,Empower Front-End Channels,Ashgabat,Completed,2024-06-17,2024-11-21,166,64664.08,15410.83,116085.11,3949
308,3,Generate Enterprise E-Commerce,Namangan,Completed,2021-09-24,2022-01-15,107,158062.74,152194.05,324502.32,2287
309,1,Empower Virtual Content,Tashkent,Completed,2022-04-06,2022-06-09,55,122494.89,179832.29,75893.54,1382
310,5,Embrace Sticky Eyeballs,Khorezm,Planned,,,71,89794.74,,,1596
311,5,Disintermediate User-Centric Content,Jizzakh,Completed,2020-10-11,2021-04-10,169,150899.5,153715.73,140210.35,3855
312,7,Engage Granular Content,Jizzakh,Ongoing,2024-02-07,,99,39186.61,49806.63,,2952
313,3,Evolve Compelling Info-Mediaries,Almaty,Ongoing,2024-05-30,,160,99407.4,101655.27,,3544
314,6,Orchestrate Magnetic Action-Items,Navoi,Completed,2024-10-23,2025-01-04,76,123523.9,89395.87,55511.66,1953
315,6,Evolve Ubiquitous Platforms,Surkhandarya,Completed,2021-01-24,2023-01-03,724,54643.78,79201.89,55520.59,16161
316,5,Facilitate Virtual E-Commerce,Sirdarya,Completed,2024-10-05,2024-12-16,77,103037.67,148847.31,117814.05,2040
317,6,Implement Innovative Action-Items,Qashqadaryo,Completed,2020-04-26,2020-10-05,137,73151.34,82356.94,34911.77,3316
318,5,Streamline Cross-Platform Niches,Bishkek,Completed,2022-07-28,2023-02-19,172,110885.06,152043.43,813519.87,2862
319,8,Integrate Real-Time E-Services,Surkhandarya,Planned,,,78,97314.61,,,1445
320,8,Integrate Ubiquitous Users,Jizzakh,Completed,2024-06-30,2024-09-11,85,77941.61,67048.68,330861.68,1791
321,7,Re-Intermediate Dot-Com Partnerships,Namangan,Ongoing,2023-05-24,,74,107063.56,105662.27,,1741
322,7,Drive Sticky Technologies,Navoi,Ongoing,2024-01-29,,84,113454.97,117396.3,,2316
323,5,Maximize Web-Enabled Networks,Bukhara,Completed,2024-11-11,2025-03-09,113,91163.19,187607.67,346263.86,1781
324,2,Embrace Open-Source Methodologies,Namangan,Completed,2022-05-24,2022-11-26,179,100231.33,67006.31,207222.8,4246
325,6,Benchmark Transparent Models,Namangan,Completed,2024-09-03,2025-08-07,300,83415.19,123813.58,41538.77,7769
326,6,Empower Out-Of-The-Box Schemas,Bishkek,Completed,2022-11-17,2023-05-14,174,78006.66,109910.47,260477.89,3237
327,6,Mesh Interactive Communities,Andijan,Completed,2024-11-13,2025-07-29,222,86627.19,84799.83,168982.94,4181
328,8,Mesh B2C Infrastructures,Jizzakh,Completed,2024-09-29,2025-05-01,187,176018.39,137248.6,311985.7,5078
329,7,Engage Visionary Partnerships,Jizzakh,Completed,2024-04-02,2024-08-27,153,94211.6,116418.36,395204.54,3529
330,1,Engage B2B Users,Bishkek,Ongoing,2023-06-23,,258,90964.08,117928.79,,8124
331,4,Optimize Best-Of-Breed Experiences,Samarkand,Ongoing,2024-09-10,,146,88603.16,75193.7,,3050
332,7,Grow World-Class Action-Items,Namangan,Completed,2021-09-08,2022-05-03,222,101999.5,152517.74,115777.77,4526
333,4,Grow Impactful Solutions,Tashkent,Completed,2021-11-15,2021-12-19,33,44565.07,40895.29,42454.13,758
334,8,Redefine Impactful Architectures,Samarkand,Completed,2024-12-31,2025-08-05,219,125228.84,158291.77,112323.88,5972
335,8,Whiteboard Interactive E-Markets,Dushanbe,Completed,2022-08-19,2022-11-11,81,156091.0,156606.7,59372.74,2236
336,8,Redefine Enterprise Methodologies,Ashgabat,Planned,,,378,109770.31,,,7120
337,5,Matrix Magnetic Methodologies,Bishkek,Completed,2024-02-27,2024-06-26,108,64447.37,93854.95,66952.86,2931
338,5,Leverage Real-Time Experiences,Jizzakh,Completed,2021-02-05,2021-10-21,247,126365.73,87976.59,33005.58,4303
339,8,Integrate Distributed Niches,Qashqadaryo,Ongoing,2024-07-24,,110,113541.22,124315.76,,3255
340,5,E-Enable Front-End Solutions,Fergana,Completed,2023-07-03,2024-04-01,232,118939.3,140563.58,318606.53,4947
341,6,Whiteboard Proactive Roi,Namangan,Completed,2022-03-01,2022-05-10,61,101410.13,115835.57,407365.51,1516
342,8,Deploy Sticky Mindshare,Karakalpakstan,Completed,2024-08-05,2024-12-29,133,94707.44,97874.62,206501.69,3558
343,5,Expedite Transparent E-Tailers,Namangan,Completed,2021-07-19,2021-11-14,104,121931.67,166631.68,113225.44,2198
344,4,Utilize Visionary Niches,Surkhandarya,Ongoing,2024-09-22,,193,85141.62,70014.0,,4729
345,4,Enhance Magnetic Content,Surkhandarya,Planned,,,144,96064.14,,,3179
346,3,Deploy Best-Of-Breed Portals,Tashkent,Completed,2022-05-30,2022-10-22,132,67467.81,52601.89,147988.16,2411
347,3,Revolutionize Seamless Metrics,Nukus,Planned,,,212,93455.44,,,5594
348,8,Facilitate Magnetic E-Services,Bishkek,Ongoing,2024-07-31,,81,98861.08,132520.27,,2649
349,5,Expedite Granular Interfaces,Qashqadaryo,Ongoing,2024-10-18,,123,137541.77,153536.35,,3802
350,4,Optimize Viral Roi,Ashgabat,Completed,2024-03-01,2024-12-12,256,102681.61,143786.48,30042.22,4672
351,1,Extend Innovative Relationships,Andijan,Ongoing,2024-04-28,,69,113447.61,158079.56,,1842
352,1,Implement World-Class Metrics,Sirdarya,Ongoing,2025-01-22,,617,66025.77,52582.61,,13012
353,5,Deploy B2B Portals,Samarkand,Completed,2024-02-21,2024-09-30,200,89216.32,75568.54,194975.68,5156
354,5,Transform Scalable Roi,Almaty,Completed,2020-07-24,2021-01-04,185,98028.67,157680.62,132991.2,3296
355,8,Maximize Value-Added Systems,Karakalpakstan,Completed,2024-10-11,2025-01-07,87,78866.26,85876.6,96503.41,2620
356,5,Innovate Killer E-Commerce,Andijan,Completed,2021-11-30,2021-12-26,29,57024.44,75729.41,70741.93,701
357,4,Implement Leading-Edge Supply-Chains,Andijan,Completed,2023-05-07,2023-08-28,119,87368.14,76390.6,200790.53,2995
358,6,Incubate Magnetic Supply-Chains,Bukhara,Completed,2022-10-10,2024-10-15,742,91772.92,119433.46,61665.15,20163
359,4,Streamline E-Business Web-Readiness,Tashkent,Completed,2024-02-17,2024-08-11,148,134128.8,148399.23,139714.33,3598
360,5,Drive Plug-And-Play Functionalities,Tashkent,Completed,2020-06-11,2020-09-12,84,50744.11,31702.85,151656.02,1887
361,8,Generate E-Business Solutions,Jizzakh,Completed,2021-03-16,2022-02-26,373,82412.09,94282.55,140065.9,8707
362,5,Optimize Web-Enabled Technologies,Fergana,Ongoing,2024-09-02,,105,88555.77,73253.51,,1938
363,6,Innovate Global Deliverables,Surkhandarya,Planned,,,62,87435.82,,,1601
364,6,Strategize Proactive Roi,Nukus,Completed,2025-02-14,2025-09-04,224,91527.61,132976.12,28675.86,4266
365,4,Expedite Plug-And-Play Applications,Surkhandarya,Planned,,,163,122235.06,,,3445
366,6,Morph Clicks-And-Mortar Content,Bukhara,Completed,2021-02-24,2021-06-17,101,75310.18,44498.59,62840.69,3105
367,4,Leverage Seamless Systems,Ashgabat,Completed,2024-10-08,2026-06-24,548,82339.7,42172.99,237516.67,19432
368,4,Revolutionize Dynamic Partnerships,Bishkek,Completed,2023-02-10,2024-01-05,319,142469.36,235368.66,108657.51,5425
369,7,Matrix Enterprise Systems,Almaty,Completed,2022-03-04,2022-06-13,90,66472.1,83649.85,153946.49,1540
370,1,Target Vertical Technologies,Sirdarya,Completed,2024-10-01,2024-11-09,36,76676.63,120818.9,230720.5,834
371,7,Syndicate Strategic Metrics,Navoi,Completed,2024-01-17,2024-03-11,59,150453.68,121969.6,152400.86,1494
372,8,Incubate Synergistic Markets,Samarkand,Completed,2023-10-01,2024-01-23,131,91736.54,96765.37,71991.09,3086
373,7,Visualize Revolutionary Networks,Navoi,Completed,2023-04-20,2024-02-02,321,64343.82,107287.94,63329.7,6485
374,7,Innovate Compelling Communities,Bukhara,Completed,2024-08-27,2024-11-25,78,65218.61,69742.27,140622.28,2887
375,3,Optimize Robust Info-Mediaries,Navoi,Ongoing,2023-06-21,,41,85848.21,51427.77,,1382
376,7,Envisioneer Bleeding-Edge Roi,Dushanbe,Planned,,,142,119995.34,,,2325
377,1,Brand Mission-Critical Interfaces,Tashkent,Planned,,,139,93368.74,,,2360
378,7,Architect Mission-Critical E-Tailers,Surkhandarya,Completed,2024-08-15,2025-01-10,135,64094.82,73252.88,393821.09,4078
379,2,Extend Web-Enabled Technologies,Samarkand,Completed,2022-10-06,2023-04-11,198,50786.25,47596.76,24344.75,3552
380,1,Re-Intermediate User-Centric Infrastructures,Surkhandarya,Completed,2020-10-03,2020-12-28,77,47262.79,62593.57,60403.47,1627
381,1,Monetize Value-Added Paradigms,Surkhandarya,Completed,2024-06-06,2024-08-06,71,88044.31,125928.71,765365.06,1372
382,1,Generate World-Class Solutions,Namangan,Completed,2024-09-24,2024-11-05,46,112946.64,213842.21,43564.48,1261
383,6,Expedite B2B Architectures,Qashqadaryo,Completed,2021-03-02,2021-08-25,155,111949.15,133489.86,117396.96,3560
384,4,Repurpose Out-Of-The-Box Mindshare,Nukus,Ongoing,2023-12-23,,153,86384.17,98847.25,,3599
385,3,Incentivize Visionary Portals,Nukus,Completed,2022-10-14,2023-03-22,135,104822.64,148195.0,69207.6,2921
386,7,Streamline Cross-Media Web Services,Dushanbe,Completed,2023-05-28,2023-08-22,89,104337.63,39030.25,402656.25,1886
387,8,Reinvent B2B Interfaces,Surkhandarya,Completed,2021-09-12,2022-03-12,201,138742.8,138594.44,341267.24,3485
388,1,Strategize Scalable Interfaces,Ashgabat,Completed,2022-04-20,2022-08-08,101,137632.14,142953.48,350298.46,3174
389,5,Deliver Turn-Key Synergies,Khorezm,Completed,2022-07-30,2022-08-17,18,171174.16,175894.4,127369.41,381
390,4,Re-Contextualize Sticky Deliverables,Samarkand,Completed,2022-11-08,2023-04-22,164,136830.32,128693.42,481330.51,3964
391,1,Extend Visionary Solutions,Bukhara,Ongoing,2025-01-30,,181,113580.5,139580.73,,4269
392,4,Streamline Synergistic E-Tailers,Bishkek,Ongoing,2023-09-24,,277,122066.18,138894.47,,5220
393,5,Harness Value-Added Deliverables,Tashkent,Planned,,,242,73341.24,,,6305
394,8,Grow Value-Added Technologies,Surkhandarya,Completed,2024-07-20,2024-12-16,135,90847.59,84985.02,24653.78,2931
395,7,Engineer Global Communities,Surkhandarya,Ongoing,2024-09-10,,108,149329.02,156910.61,,3461
396,7,Scale Global Initiatives,Almaty,Ongoing,2024-07-06,,35,74838.9,94100.09,,967
397,8,Syndicate Bricks-And-Clicks Action-Items,Almaty,Completed,2022-07-26,2022-10-28,100,56239.2,59627.33,88548.76,2603
398,8,Integrate Ubiquitous Info-Mediaries,Qashqadaryo,Planned,,,171,72454.32,,,3620
399,4,Aggregate User-Centric Experiences,Namangan,Completed,2023-10-21,2024-03-07,139,181875.73,129657.51,327673.32,3769
400,5,Engage Collaborative Action-Items,Namangan,Completed,2020-08-13,2020-11-23,97,125330.57,158898.45,485482.73,2113
401,6,Engineer Frictionless Action-Items,Karakalpakstan,Completed,2024-10-28,2027-03-10,823,75467.75,103162.52,60247.65,20574
402,8,Matrix Real-Time Portals,Andijan,Completed,2024-07-10,2024-10-19,92,78475.42,86685.02,87154.31,2238
403,3,Aggregate Cross-Media Bandwidth,Ashgabat,Completed,2022-06-20,2022-11-04,153,72357.47,104026.62,32147.51,3323
404,1,Re-Intermediate One-To-One Experiences,Bukhara,Planned,,,70,132258.34,,,1680
405,1,Target Rich Action-Items,Nukus,Ongoing,2025-04-13,,66,89801.2,111264.88,,1873
406,4,Harness B2B Partnerships,Dushanbe,Completed,2020-08-05,2021-01-08,179,79656.41,121621.35,273504.03,3589
407,8,Enable Integrated Partnerships,Bishkek,Completed,2022-01-27,2023-01-02,317,140417.93,158194.46,250186.67,5859
408,5,Deploy Dot-Com Niches,Tashkent,Completed,2020-06-08,2020-10-03,118,87168.81,92239.08,373368.29,1935
409,7,Matrix Global Users,Andijan,Ongoing,2024-07-28,,123,116589.66,106372.42,,2982
410,5,Whiteboard Scalable Networks,Navoi,Completed,2020-10-03,2020-11-26,60,140377.71,140935.35,366618.99,1268
411,4,Brand Holistic Networks,Surkhandarya,Completed,2023-06-11,2023-08-10,62,88424.18,106952.37,32582.08,1343
412,2,Re-Contextualize Dynamic E-Commerce,Samarkand,Ongoing,2024-05-29,,201,141957.29,177803.72,,5284
413,1,Enable Strategic E-Commerce,Andijan,Completed,2021-12-16,2022-03-02,73,157262.05,157484.49,403744.48,1296
414,6,Maximize Sticky Systems,Fergana,Ongoing,2023-10-21,,84,91693.05,113259.81,,2037
415,4,Transition Integrated Eyeballs,Khorezm,Planned,,,58,56575.15,,,2081
416,8,Deploy End-To-End Functionalities,Karakalpakstan,Ongoing,2024-05-22,,40,90044.89,35144.33,,1348
417,1,Re-Contextualize Next-Generation Vortals,Andijan,Completed,2024-11-05,2026-11-20,635,123170.56,136317.76,300659.16,16136
418,7,Enhance Bricks-And-Clicks E-Services,Bukhara,Completed,2023-01-24,2023-03-29,54,135616.21,167017.16,205919.21,1304
419,6,Empower Magnetic Experiences,Sirdarya,Completed,2022-01-29,2022-08-04,179,116259.09,131437.52,699201.78,4774
420,6,Whiteboard Open-Source E-Tailers,Samarkand,Completed,2021-11-13,2021-12-26,36,57841.73,66484.92,90333.59,1252
421,7,Evolve Robust Convergence,Qashqadaryo,Completed,2022-08-21,2023-02-09,197,104451.59,64731.66,73926.87,3366
422,6,Repurpose Turn-Key Eyeballs,Ashgabat,Completed,2022-12-19,2023-07-04,165,54049.56,59793.19,99239.11,2773
423,2,Syndicate 24/7 E-Commerce,Jizzakh,Completed,2022-11-15,2022-12-26,38,78741.66,116891.45,194045.82,1234
424,2,Drive Turn-Key Bandwidth,Karakalpakstan,Ongoing,2025-01-11,,60,104535.14,151067.41,,1369
425,3,Exploit E-Business Web-Readiness,Sirdarya,Ongoing,2024-01-28,,64,117909.02,116825.18,,1465
426,6,Cultivate Plug-And-Play Vortals,Karakalpakstan,Completed,2020-12-17,2021-09-02,305,94324.43,80124.56,922719.3,5950
427,7,Scale Granular Channels,Fergana,Completed,2020-09-05,2020-10-24,49,102525.0,106932.37,110875.26,967
428,6,Scale Clicks-And-Mortar Synergies,Sirdarya,Completed,2021-02-05,2021-06-10,142,145940.86,98190.89,171265.4,2627
429,4,Grow Sticky Deliverables,Dushanbe,Completed,2023-04-04,2023-09-13,145,116144.47,72074.93,262641.57,2207
430,8,Re-Intermediate Dynamic Models,Namangan,Completed,2024-10-20,2025-12-21,476,60176.26,73882.38,91332.89,12296
431,2,Empower Viral Channels,Navoi,Completed,2023-01-01,2023-04-07,97,112642.46,148229.3,52471.65,1903
432,4,Incentivize B2B Technologies,Almaty,Completed,2020-06-24,2020-09-12,75,112110.83,112792.75,167143.08,1526
433,7,Matrix Wireless Action-Items,Qashqadaryo,Completed,2022-08-17,2022-10-23,57,116706.26,111919.83,221174.19,1242
434,3,Incubate Plug-And-Play Web-Readiness,Jizzakh,Completed,2022-10-02,2023-01-18,95,94625.06,93915.18,78817.47,2196
435,4,Expedite Best-Of-Breed E-Business,Bishkek,Planned,,,291,91140.94,,,5019
436,6,Transform Dot-Com Functionalities,Jizzakh,Planned,,,83,143841.95,,,1892
437,6,Expedite Efficient Applications,Sirdarya,Completed,2023-08-02,2023-09-13,36,131496.98,66927.87,438044.93,807
438,6,Synthesize Killer Web-Readiness,Fergana,Ongoing,2023-06-06,,50,121213.59,127706.79,,1277
439,1,Strategize Interactive E-Business,Almaty,Completed,2022-04-15,2022-06-11,48,103470.89,107938.34,169795.59,1529
440,2,Leverage Customized Networks,Nukus,Completed,2021-07-06,2021-12-31,158,114768.2,216942.5,76249.34,4488
441,3,Morph Cutting-Edge Networks,Nukus,Completed,2024-09-26,2024-11-18,56,147509.58,144319.98,59610.69,1175
442,7,Target B2C Initiatives,Ashgabat,Completed,2020-09-09,2021-01-29,119,80535.13,63794.62,11529.41,2956
443,7,Scale Ubiquitous Convergence,Ashgabat,Planned,,,170,82537.77,,,3426
444,2,Architect Cutting-Edge Networks,Fergana,Planned,,,350,69981.53,,,5828
445,6,Orchestrate Enterprise E-Services,Andijan,Ongoing,2023-10-12,,158,79926.89,50621.49,,4007
446,7,Extend Proactive Paradigms,Qashqadaryo,Completed,2024-08-28,2025-01-11,114,82295.64,73842.86,126602.89,3802
447,4,Utilize Vertical Relationships,Almaty,Completed,2020-11-17,2020-12-23,43,66684.54,86944.1,35376.88,1393
448,3,Generate 24/365 Info-Mediaries,Navoi,Completed,2024-08-01,2025-03-13,206,111774.31,162992.97,68953.53,4752
449,2,Enhance Bricks-And-Clicks Users,Fergana,Completed,2023-07-20,2023-09-26,72,111756.14,102899.12,599713.51,2154
450,6,Engineer Virtual Systems,Jizzakh,Ongoing,2024-06-08,,299,130406.2,109852.74,,10069
451,8,Brand End-To-End Networks,Navoi,Ongoing,2024-05-03,,225,115440.55,124251.82,,4297
452,5,Empower Revolutionary Web Services,Samarkand,Completed,2021-10-14,2022-05-01,182,57060.31,56193.49,106621.9,4700
453,3,Incubate Magnetic Deliverables,Surkhandarya,Completed,2020-11-01,2022-03-09,430,114255.63,156107.08,355279.17,12052
454,8,Mesh End-To-End Systems,Surkhandarya,Completed,2020-05-21,2020-09-25,132,118884.45,145808.92,109485.13,2830
455,7,Engineer Frictionless Partnerships,Tashkent,Completed,2023-03-01,2023-07-19,153,110985.3,148018.98,292846.37,4350
456,8,Envisioneer Proactive Relationships,Nukus,Ongoing,2025-02-01,,124,66542.02,63429.52,,3170
457,4,Target Virtual E-Business,Karakalpakstan,Ongoing,2025-02-28,,61,148889.01,154089.37,,1810
458,2,Utilize Wireless E-Commerce,Fergana,Ongoing,2024-01-31,,138,127076.5,151704.09,,4098
459,2,Monetize Compelling E-Markets,Karakalpakstan,Completed,2022-12-09,2024-03-26,484,97913.66,114861.64,508857.66,10652
460,7,Cultivate B2C E-Services,Sirdarya,Completed,2020-04-28,2020-07-20,70,88223.54,67478.45,52930.96,1484
461,5,Engage Cross-Platform Technologies,Bukhara,Completed,2023-12-13,2024-07-11,185,124095.68,177887.88,1056047.33,3880
462,6,Evolve Robust Channels,Namangan,Completed,2021-01-30,2021-05-14,112,78108.71,115205.21,29800.22,3130
463,3,Extend Dynamic Deliverables,Bishkek,Completed,2022-05-14,2023-01-24,284,72101.68,64091.45,248852.19,6991
464,3,Re-Intermediate Strategic Supply-Chains,Ashgabat,Ongoing,2023-11-16,,395,77633.14,92015.78,,10608
465,1,Redefine Turn-Key Interfaces,Navoi,Completed,2021-11-30,2022-04-08,142,135736.14,208293.86,795537.64,2677
466,8,Unleash Clicks-And-Mortar Relationships,Nukus,Completed,2023-04-03,2023-05-29,61,69691.65,56649.19,31456.23,2108
467,2,Implement E-Business Partnerships,Tashkent,Completed,2023-08-26,2024-02-20,156,89678.71,73781.37,75019.78,3147
468,5,Streamline Out-Of-The-Box Solutions,Andijan,Completed,2020-10-21,2021-08-15,347,57203.76,51768.99,17706.15,9809
469,2,Exploit Enterprise Models,Fergana,Completed,2022-06-08,2022-09-20,93,103255.13,115728.69,142901.71,2725
470,1,Scale Collaborative Paradigms,Almaty,Completed,2024-06-05,2024-11-03,127,158589.47,238223.32,690377.93,3395
471,2,Re-Contextualize Proactive Schemas,Surkhandarya,Planned,,,270,65797.18,,,6061
472,8,Brand Open-Source Metrics,Karakalpakstan,Planned,,,87,114846.49,,,1568
473,8,Generate Granular Synergies,Fergana,Ongoing,2025-03-25,,180,133022.19,178568.66,,3784
474,6,Seize Real-Time Portals,Nukus,Completed,2024-08-04,2024-11-29,104,88928.43,94892.78,207590.76,3074
475,1,Revolutionize Compelling Web-Readiness,Navoi,Completed,2023-07-08,2023-10-28,122,110337.19,92758.56,144995.97,2276
476,5,Transition Killer Eyeballs,Jizzakh,Completed,2024-04-29,2024-09-14,152,102684.18,164627.27,98342.53,3720
477,2,Leverage Global Users,Namangan,Planned,,,133,93994.33,,,3014
478,1,Repurpose Leading-Edge Networks,Karakalpakstan,Ongoing,2024-05-29,,150,69454.85,79164.34,,5246
479,6,Mesh Cross-Platform Applications,Surkhandarya,Completed,2024-04-22,2024-09-11,124,74288.68,66327.73,514127.51,4436
480,8,Empower Turn-Key E-Business,Namangan,Ongoing,2024-03-12,,99,79730.37,88488.84,,2415
481,2,Benchmark Clicks-And-Mortar Bandwidth,Sirdarya,Completed,2024-11-03,2025-05-13,192,111430.1,75758.44,200235.62,3966
482,8,Synergize Value-Added Methodologies,Qashqadaryo,Completed,2022-11-28,2024-02-24,385,119435.46,124748.88,102020.73,8038
483,2,Productize Transparent Portals,Almaty,Ongoing,2024-06-14,,140,122508.99,153453.08,,3320
484,2,Matrix Magnetic Supply-Chains,Ashgabat,Ongoing,2023-12-24,,109,89664.94,126724.82,,2468
485,4,Enable Efficient Action-Items,Bishkek,Planned,,,230,68361.18,,,5332
486,6,Re-Contextualize Global Eyeballs,Ashgabat,Ongoing,2023-08-01,,159,102509.07,95357.75,,4345
487,1,Synergize Visionary Platforms,Samarkand,Completed,2022-12-11,2023-01-07,27,97458.18,51077.64,296864.5,861
488,8,Whiteboard Granular Experiences,Tashkent,Ongoing,2025-04-09,,120,82131.14,115879.48,,2947
489,8,Enable Virtual Bandwidth,Almaty,Ongoing,2023-12-09,,76,82152.47,97406.22,,1827
490,4,Enhance Dynamic Platforms,Namangan,Planned,,,92,115515.21,,,1441
491,2,Empower Enterprise Solutions,Navoi,Completed,2023-11-18,2024-06-30,195,66700.92,56854.32,14438.47,5871
492,7,Re-Intermediate 24/365 Methodologies,Jizzakh,Completed,2021-11-27,2022-07-07,191,112435.8,142139.03,59823.47,4329
493,7,Visualize Clicks-And-Mortar Experiences,Bukhara,Ongoing,2024-06-02,,45,89696.49,75089.27,,1148
494,4,Disintermediate End-To-End Mindshare,Dushanbe,Completed,2023-06-10,2023-08-01,52,97112.95,111917.37,168016.87,1118
495,7,Seize Granular Initiatives,Namangan,Completed,2022-09-29,2023-01-11,96,155046.16,124603.99,374287.26,2270
496,2,Incubate Synergistic E-Tailers,Qashqadaryo,Completed,2022-06-02,2022-07-16,50,121686.06,137947.15,872724.31,1442
497,3,Transform Transparent Models,Namangan,Completed,2022-10-01,2023-01-09,102,110490.53,125044.88,41697.11,2449
498,6,Harness Distributed Channels,Khorezm,Completed,2022-11-25,2023-01-10,44,116542.2,102429.42,92722.72,1105
499,4,Optimize Bleeding-Edge Portals,Bukhara,Completed,2024-07-05,2024-11-16,135,111174.08,167040.19,20358.69,3225
500,6,Implement B2B Bandwidth,Nukus,Completed,2023-07-27,2024-01-18,196,133326.34,187265.97,160082.91,6375
